article_id,title,source,date_raw,date_iso,date_ymd,date_year,date_month,url,domain,viewpoint_country,word_count_text,word_count_title
d3b3434834e0,Finnish Politician Warns NATO Chief : Stop Arming Ukraine or Risk Nuclear War,sputnikglobe.com,20251109T101500Z,2025-11-09T10:15:00Z,2025-11-09,2025,2025-11,https://sputnikglobe.com/20251109/finnish-politician-warns-nato-chief-stop-arming-ukraine-or-risk-nuclear-war-1123081179.html,sputnikglobe.com,Russia,226,13
9e6ae2572d62,US Imposes Sanctions on Russian Companies Lukoil and Rosneft Treasury,sputnikglobe.com,20251023T043000Z,2025-10-23T04:30:00Z,2025-10-23,2025,2025-10,https://sputnikglobe.com/20251023/us-imposes-sanctions-on-russian-companies-lukoil-and-rosneft--treasury-1123002288.html,sputnikglobe.com,Russia,237,10
c23b8c04c203,Battle - Hardened Russian Bear is No  Paper Tiger : Here Why,sputnikglobe.com,20251003T170000Z,2025-10-03T17:00:00Z,2025-10-03,2025,2025-10,https://sputnikglobe.com/20251003/battle-hardened-russian-bear-is-no-paper-tiger-heres-why-1122907627.html,sputnikglobe.com,Russia,334,12
924e8a25be1a,Azerbaijan Running Shadowy Arms Pipeline to Ukraine,sputnikglobe.com,20250922T131500Z,2025-09-22T13:15:00Z,2025-09-22,2025,2025-09,https://sputnikglobe.com/20250922/azerbaijan-running-shadowy-arms-pipeline-to-ukraine-1122832586.html,sputnikglobe.com,Russia,243,7
542d6822735e,"Russia Defends Its National Interests , Not Subject To Influence Of European Sanctions – Kremlin",sputnikglobe.com,20250917T131500Z,2025-09-17T13:15:00Z,2025-09-17,2025,2025-09,https://sputnikglobe.com/20250917/russia-defends-its-national-interests-not-subject-to-influence-of-european-sanctions--kremlin-1122800847.html,sputnikglobe.com,Russia,504,15
a6cd5197c911,Kremlin : Russia Willingness for Dialogue on Ukraine Remains Unchanged,sputnikglobe.com,20250915T113000Z,2025-09-15T11:30:00Z,2025-09-15,2025,2025-09,https://sputnikglobe.com/20250915/kremlin-russias-willingness-for-dialogue-on-ukraine-remains-unchanged-1122789461.html,sputnikglobe.com,Russia,364,10
4b4ea7d0bb45,"Putin Pitches  Real Peace , Sends Stark Warning Over NATO Boots in Ukraine",sputnikglobe.com,20250906T131500Z,2025-09-06T13:15:00Z,2025-09-06,2025,2025-09,https://sputnikglobe.com/20250906/putin-pitches-real-peace-sends-stark-warning-over-nato-boots-in-ukraine--1122739459.html,sputnikglobe.com,Russia,293,13
5e8e70c01daf,Renaming Pentagon Signals West  Peace Through Strength  Agenda Shift,sputnikglobe.com,20250906T093000Z,2025-09-06T09:30:00Z,2025-09-06,2025,2025-09,https://sputnikglobe.com/20250906/renaming-pentagon-signals-wests-peace-through-strength-agenda-shift-1122738338.html,sputnikglobe.com,Russia,374,9
0612d02d0350,Hungarian Minister Slams Forced Mobilization in Ukraine as  Disgrace for Europe,sputnikglobe.com,20250904T140000Z,2025-09-04T14:00:00Z,2025-09-04,2025,2025-09,https://sputnikglobe.com/20250904/hungarian-minister-slams-forced-mobilization-in-ukraine-as-disgrace-for-europe-1122725914.html,sputnikglobe.com,Russia,240,11
2388fcef8685,Zelensky Security Guarantees for Ukraine Unacceptable,sputnikglobe.com,20250904T043000Z,2025-09-04T04:30:00Z,2025-09-04,2025,2025-09,https://sputnikglobe.com/20250904/zelenskys-security-guarantees-for-ukraine-unacceptable---zakharova-1122722899.html,sputnikglobe.com,Russia,537,6
a970cad6e090,NATO Threats to Be  More Aggressive  Betray Bloc  Belligerent  Nature,sputnikglobe.com,20251201T150000Z,2025-12-01T15:00:00Z,2025-12-01,2025,2025-12,https://sputnikglobe.com/20251201/natos-threats-to-be-more-aggressive-betray-blocs-belligerent-nature-1123205990.html,sputnikglobe.com,Russia,234,10
260cd0ad2ac4,EU Ukraine Loan Backed by Frozen Russian Assets May Hinder Peace Talks,sputnikglobe.com,20251201T150000Z,2025-12-01T15:00:00Z,2025-12-01,2025,2025-12,https://sputnikglobe.com/20251201/eus-ukraine-loan-backed-by-frozen-russian-assets-may-hinder-peace-talks---belgian-minister-1123205844.html,sputnikglobe.com,Russia,260,12
7b8cec509cdf,"EU Split Deepens Over Plan to Redirect Russia Frozen Reserves to Defense , Ukraine",sputnikglobe.com,20251116T141500Z,2025-11-16T14:15:00Z,2025-11-16,2025,2025-11,https://sputnikglobe.com/20251116/eu-split-deepens-over-plan-to-redirect-russias-frozen-reserves-to-defense-ukraine-1123121957.html,sputnikglobe.com,Russia,302,14
dc374815cf13,Europe Lacks Military Power to Challenge Russia - Ex - US Intel Officer Ritter,sputnikglobe.com,20251116T094500Z,2025-11-16T09:45:00Z,2025-11-16,2025,2025-11,https://sputnikglobe.com/20251116/europe-lacks-military-power-to-challenge-russia---ex-us-intel-officer-ritter-1123120443.html,sputnikglobe.com,Russia,214,14
8ae3e860bf12,Orban Believes Ukraine Conflict Could End Soon,sputnikglobe.com,20251116T073000Z,2025-11-16T07:30:00Z,2025-11-16,2025,2025-11,https://sputnikglobe.com/20251116/orban-believes-ukraine-conflict-could-end-soon-1123120058.html,sputnikglobe.com,Russia,279,7
e7f2b04c9931,"Russia - Ukraine Talks , Round 2 : Kiev  Memorandum  is Ultimatum Dressed as Diplomacy",sputnikglobe.com,20250602T194500Z,2025-06-02T19:45:00Z,2025-06-02,2025,2025-06,https://sputnikglobe.com/20250602/russia-ukraine-talks-round-2-kievs-memorandum-is-ultimatum-dressed-as-diplomacy-1122177660.html,sputnikglobe.com,Russia,427,15
8950b77c676e,Merz  Missile Intimidation Tactics Wont Work Because America Calls the Shots in Germany,sputnikglobe.com,20250526T170000Z,2025-05-26T17:00:00Z,2025-05-26,2025,2025-05,https://sputnikglobe.com/20250526/merz-missile-intimidation-tactics-wont-work-because-america-calls-the-shots-in-germany-1122134360.html,sputnikglobe.com,Russia,307,13
7b814d5707bb,Lavrov : Zelensky Legitimacy Will Make or Break Ukraine Peace Deal,sputnikglobe.com,20250523T104500Z,2025-05-23T10:45:00Z,2025-05-23,2025,2025-05,https://sputnikglobe.com/20250523/lavrov-zelenskys-legitimacy-will-make-or-break-ukraine-peace-deal-1122115408.html,sputnikglobe.com,Russia,426,11
0c37da3b45d5,"Current Situation in Ukraine Requires Peace , Not Ceasefire",sputnikglobe.com,20250520T180000Z,2025-05-20T18:00:00Z,2025-05-20,2025,2025-05,https://sputnikglobe.com/20250520/medvedev-says-current-situation-in-ukraine-requires-peace-not-ceasefire-1122097502.html,sputnikglobe.com,Russia,518,9
751a6bcd323a,Putin - Trump Call : A Real Step Toward Peace ?,sputnikglobe.com,20250519T203000Z,2025-05-19T20:30:00Z,2025-05-19,2025,2025-05,https://sputnikglobe.com/20250519/putin-trump-call-a-real-step-toward-peace-1122091396.html,sputnikglobe.com,Russia,242,11
6d733f1b68ad,Rheinmetall War Profiteering in Ukraine May Culminate in Pinpoint Strikes on Its Factories,sputnikglobe.com,20250519T194500Z,2025-05-19T19:45:00Z,2025-05-19,2025,2025-05,https://sputnikglobe.com/20250519/rheinmetalls-war-profiteering-in-ukraine-may-culminate-in-pinpoint-strikes-on-its-factories-1122087685.html,sputnikglobe.com,Russia,369,13
611f0afc92f5,Long - Term Settlement in Ukraine Requires More Than Ceasefire,sputnikglobe.com,20250507T100000Z,2025-05-07T10:00:00Z,2025-05-07,2025,2025-05,https://sputnikglobe.com/20250507/long-term-settlement-in-ukraine-requires-more-than-ceasefire---lavrov-1121993049.html,sputnikglobe.com,Russia,323,10
81facddf8c93,Russia Vows to Identify and Punish Those Responsible for Alyoshki Market Attack,sputnikglobe.com,20250501T141500Z,2025-05-01T14:15:00Z,2025-05-01,2025,2025-05,https://sputnikglobe.com/20250501/russia-vows-to-identify-and-punish-those-responsible-for-alyoshki-market-attack-1121963475.html,sputnikglobe.com,Russia,292,12
677845909595,Zelensky Faces a Choice Between Peace or Fighting for  Three More Year in Ukraine,sputnikglobe.com,20250423T203000Z,2025-04-23T20:30:00Z,2025-04-23,2025,2025-04,https://sputnikglobe.com/20250423/zelensky-faces-a-choice-between-peace-or-fighting-for-three-more-years-in-ukraine---trump-1121920392.html,sputnikglobe.com,Russia,442,14
3983e6bafb36,Ukraine Loses Over 175 Soldiers in Kursk Region in Past Day – Russian Defense Ministry,sputnikglobe.com,20250412T143000Z,2025-04-12T14:30:00Z,2025-04-12,2025,2025-04,https://sputnikglobe.com/20250412/ukraine-loses-over-175-soldiers-in-kursk-region-in-past-day--russian-defense-ministry-1121862406.html,sputnikglobe.com,Russia,248,15
9ac3328d7efd,Kellogg Blasts Times for Misrepresenting His Words on Ukraine  Partitioning,sputnikglobe.com,20250412T044500Z,2025-04-12T04:45:00Z,2025-04-12,2025,2025-04,https://sputnikglobe.com/20250412/kellogg-blasts-times-for-misrepresenting-his-words-on-ukraine-partitioning-1121860418.html,sputnikglobe.com,Russia,438,10
a05f87b1b1ee,Macron Plans to Send French Troops to Ukraine Are Recipe for Disaster,sputnikglobe.com,20250405T201500Z,2025-04-05T20:15:00Z,2025-04-05,2025,2025-04,https://sputnikglobe.com/20250405/macrons-plans-to-send-french-troops-to-ukraine-are-recipe-for-disaster-1121745710.html,sputnikglobe.com,Russia,262,12
12c84947ef54,Trump Tariffs Will Jeopardize Ukraine Aid,sputnikglobe.com,20250405T044500Z,2025-04-05T04:45:00Z,2025-04-05,2025,2025-04,https://sputnikglobe.com/20250405/trump-tariffs-will-jeopardize-ukraine-aid-1121742673.html,sputnikglobe.com,Russia,234,6
b4102c29d71a,UN - Led Ukraine : Which Countries Have Experienced International Rule ?,sputnikglobe.com,20250328T144500Z,2025-03-28T14:45:00Z,2025-03-28,2025,2025-03,https://sputnikglobe.com/20250328/un-led-ukraine-which-countries-have-experienced-international-rule-1121705338.html,sputnikglobe.com,Russia,273,12
da58bf67d843,EU Leaders Fear Peace in Ukraine – French Army Veteran,sputnikglobe.com,20250327T194500Z,2025-03-27T19:45:00Z,2025-03-27,2025,2025-03,https://sputnikglobe.com/20250327/eu-leaders-fear-peace-in-ukraine-french-army-veteran-1121702072.html,sputnikglobe.com,Russia,306,10
384c3a42e5fa,Sudzha Gas Pumping Station Attack : European Provocation or Ukraine Resistance to Peace ?,sputnikglobe.com,20250322T100000Z,2025-03-22T10:00:00Z,2025-03-22,2025,2025-03,https://sputnikglobe.com/20250322/sudzha-gas-pumping-station-attack-european-provocation-or-ukraines-resistance-to-peace---1121666882.html,sputnikglobe.com,Russia,220,14
38d12ed9e63e,Azov Gaining Power is  Symptom of Collapse  of Remains of Ukraine Civil Society,sputnikglobe.com,20250321T153000Z,2025-03-21T15:30:00Z,2025-03-21,2025,2025-03,https://sputnikglobe.com/20250321/azov-gaining-power-is-symptom-of-collapse-of-remains-of-ukraines-civil-society-1121662939.html,sputnikglobe.com,Russia,223,13
66ce1b876f32,Putting British or Any Other NATO  Peacekeeper in Ukraine Would Snatch War From the Jaws of Peace,sputnikglobe.com,20250317T181500Z,2025-03-17T18:15:00Z,2025-03-17,2025,2025-03,https://sputnikglobe.com/20250317/putting-british-or-any-other-nato-peacekeepers-in-ukraine-would-snatch-war-from-the-jaws-of-peace-1121648815.html,sputnikglobe.com,Russia,234,17
c0b4599df4eb,Riyadh Meeting May Be  Beginning of the End of NATO : Ex - DoD Analyst Explains Why,sputnikglobe.com,20250218T193000Z,2025-02-18T19:30:00Z,2025-02-18,2025,2025-02,https://sputnikglobe.com/20250218/riyadh-meeting-may-be-beginning-of-the-end-of-nato-ex-dod-analyst-explains-why-1121581757.html,sputnikglobe.com,Russia,216,17
75765b67a406,DOGE Fraud Probes May Explain  Urgency  of Trump - Putin Call on Ending Ukraine Crisis : Ex - DoD Analyst,sputnikglobe.com,20250212T203000Z,2025-02-12T20:30:00Z,2025-02-12,2025,2025-02,https://sputnikglobe.com/20250212/musk-fraud-probes-may-explain-urgency-of-trump-putin-call-on-ending-ukraine-crisis-ex-dod-analyst-1121561787.html,sputnikglobe.com,Russia,365,20
d5f7a51045d7,Trump Says Zelensky Shouldnt Have Allowed Conflict to Happen But Wanted to Fight,sputnikglobe.com,20250124T121500Z,2025-01-24T12:15:00Z,2025-01-24,2025,2025-01,https://sputnikglobe.com/20250124/trump-says-zelensky-shouldnt-have-allowed-conflict-to-happen-but-wanted-to-fight-1121486798.html,sputnikglobe.com,Russia,365,13
c1bc5a723016,"US Arms Ukraine , Europe Pays the Bill - A NATO Masterclass in Teamwork",sputnikglobe.com,20250123T124500Z,2025-01-23T12:45:00Z,2025-01-23,2025,2025-01,https://sputnikglobe.com/20250123/us-arms-ukraine-europe-pays-the-bill---a-nato-masterclass-in-teamwork-1121482560.html,sputnikglobe.com,Russia,273,14
7cfd5d83af95,"Complex Factors to Blame for Ukraine Conflict , Only US Can Talk to Both Sides",sputnikglobe.com,20251219T171500Z,2025-12-19T17:15:00Z,2025-12-19,2025,2025-12,https://sputnikglobe.com/20251219/complex-factors-to-blame-for-ukraine-conflict-only-us-can-talk-to-both-sides---rubio-1123334442.html,sputnikglobe.com,Russia,413,15
572483b320b8,"Russian Special Envoy Says Law , Common Sense Prevail After EU Decision on Russian Assets",sputnikglobe.com,20251219T101500Z,2025-12-19T10:15:00Z,2025-12-19,2025,2025-12,https://sputnikglobe.com/20251219/russian-special-envoy-says-law-common-sense-prevail-after-eus-decision-on-russian-assets-1123325348.html,sputnikglobe.com,Russia,352,15
3349743c129e,Bank of Russia Says Plans to Recover Losses From EU Banks in Russian Arbitration Court,sputnikglobe.com,20251218T144500Z,2025-12-18T14:45:00Z,2025-12-18,2025,2025-12,https://sputnikglobe.com/20251218/bank-of-russia-says-plans-to-recover-losses-from-eu-banks-in-russian-arbitration-court-1123320581.html,sputnikglobe.com,Russia,246,15
1673d188a461,Hungary Still Demands Ukraine Account for Funds Spent,sputnikglobe.com,20251215T171500Z,2025-12-15T17:15:00Z,2025-12-15,2025,2025-12,https://sputnikglobe.com/20251215/hungary-still-demands-ukraine-account-for-funds-spent---szijjarto-1123301041.html,sputnikglobe.com,Russia,336,8
f9946df3e78d,US Shares Proposals With Europe to Restore Economic Ties With Russia,sputnikglobe.com,20251211T093000Z,2025-12-11T09:30:00Z,2025-12-11,2025,2025-12,https://sputnikglobe.com/20251211/us-shares-proposals-with-europe-to-restore-economic-ties-with-russia---reports-1123274257.html,sputnikglobe.com,Russia,334,11
b443dcd3088e,EU Official Admits Bloc Failing to Advance Peace in Ukraine,sputnikglobe.com,20251210T150000Z,2025-12-10T15:00:00Z,2025-12-10,2025,2025-12,https://sputnikglobe.com/20251210/eu-official-admits-bloc-failing-to-advance-peace-in-ukraine---reports-1123270997.html,sputnikglobe.com,Russia,233,10
2172e123ae72,Vance Suggests Trump Administration Wont Be  Shipping Off Money to Ukraine,kyivpost.com,20251222T054500Z,2025-12-22T05:45:00Z,2025-12-22,2025,2025-12,https://www.kyivpost.com/post/66700,kyivpost.com,Ukraine,326,11
fa40251cf2fa,Ukraine Battles an Attempted Russian Breakthrough in Border Region,kyivpost.com,20251221T153000Z,2025-12-21T15:30:00Z,2025-12-21,2025,2025-12,https://www.kyivpost.com/post/66695,kyivpost.com,Ukraine,284,9
8d08f4a16027,American Intelligence Questions Russia Ability to Conquer Ukraine,kyivpost.com,20251221T110000Z,2025-12-21T11:00:00Z,2025-12-21,2025,2025-12,https://www.kyivpost.com/post/66678,kyivpost.com,Ukraine,415,8
3a42810a6da2,Ukraine Hits RSP - 6M2 Radar in Occupied Crimea,kyivpost.com,20251220T123000Z,2025-12-20T12:30:00Z,2025-12-20,2025,2025-12,https://www.kyivpost.com/post/66645,kyivpost.com,Ukraine,319,9
ab91a3ab3c8b,"Ukraine Hits Russian Warship in Caspian Sea , Opening New Drone Front",kyivpost.com,20251220T123000Z,2025-12-20T12:30:00Z,2025-12-20,2025,2025-12,https://www.kyivpost.com/post/66647,kyivpost.com,Ukraine,527,12
5866bd5c396e,"Russia  Non - Stop  Attack on Odesa Kills 8 , Injures 30 on Saturday , Minister Says",kyivpost.com,20251220T123000Z,2025-12-20T12:30:00Z,2025-12-20,2025,2025-12,https://www.kyivpost.com/post/66657,kyivpost.com,Ukraine,309,17
ff19a2f804c0,UK Targets Putin War Machine With Fresh Sanctions,kyivpost.com,20251220T123000Z,2025-12-20T12:30:00Z,2025-12-20,2025,2025-12,https://www.kyivpost.com/post/66654,kyivpost.com,Ukraine,318,8
ea156fb40fc2,"Georgia Disputed Parliamentary Speaker Blames Ukraine for War , Draws Parallels with 2008 Russian Invasion",kyivpost.com,20251219T220000Z,2025-12-19T22:00:00Z,2025-12-19,2025,2025-12,https://www.kyivpost.com/post/66629,kyivpost.com,Ukraine,544,15
52db12503dc7,Who Paying for the EU €90B Loan to Ukraine – and Who Isnt ?,kyivpost.com,20251219T220000Z,2025-12-19T22:00:00Z,2025-12-19,2025,2025-12,https://www.kyivpost.com/post/66631,kyivpost.com,Ukraine,612,14
99b9f9b842e4,Kazakhstan BI Group Enters Kyiv Construction Market With Ukrainian Acquisition,kyivpost.com,20251219T163000Z,2025-12-19T16:30:00Z,2025-12-19,2025,2025-12,https://www.kyivpost.com/post/66619,kyivpost.com,Ukraine,453,10
551dbe090562,"Ukraine Receives Over 1 , 000 Bodies of Soldiers From Russia",kyivpost.com,20251219T104500Z,2025-12-19T10:45:00Z,2025-12-19,2025,2025-12,https://www.kyivpost.com/post/66574,kyivpost.com,Ukraine,268,11
a200f3cbe75e,This Is Already a Compromise  – Zelensky Wont Alter Constitution to Rule Out NATO Membership,kyivpost.com,20251219T030000Z,2025-12-19T03:00:00Z,2025-12-19,2025,2025-12,https://www.kyivpost.com/post/66543,kyivpost.com,Ukraine,520,15
25a4e752cbd5,Russia Threatens to Expand Legal Action Against European Banks Over Frozen Assets,kyivpost.com,20251218T220000Z,2025-12-18T22:00:00Z,2025-12-18,2025,2025-12,https://www.kyivpost.com/post/66536,kyivpost.com,Ukraine,525,12
7fd9a35eaa7e,Ukraine - US Investment Fund Finalizes Policies Ahead of 2026 Launch,kyivpost.com,20251218T220000Z,2025-12-18T22:00:00Z,2025-12-18,2025,2025-12,https://www.kyivpost.com/post/66537,kyivpost.com,Ukraine,472,11
32175ad731e5,Zelensky Warns Ukraine May Slash Drone Production Without Spring Funding,kyivpost.com,20251218T174500Z,2025-12-18T17:45:00Z,2025-12-18,2025,2025-12,https://www.kyivpost.com/post/66522,kyivpost.com,Ukraine,295,10
3513b2a097a6,European Little Pigs  – Kremlin Rhetoric Escalates as EU Weighs Using Frozen Russian Assets,kyivpost.com,20251218T030000Z,2025-12-18T03:00:00Z,2025-12-18,2025,2025-12,https://www.kyivpost.com/post/66455,kyivpost.com,Ukraine,437,14
662cb8c0160f,A Year of War  – Zelensky Says It Apparent the Kremlin Is Not Ready For Peace,kyivpost.com,20251218T030000Z,2025-12-18T03:00:00Z,2025-12-18,2025,2025-12,https://www.kyivpost.com/post/66458,kyivpost.com,Ukraine,488,16
888b6ca76e6c,"US Quietly Pressuring EU to Drop Frozen - Asset - Fund Bid for Ukraine , Official Says",kyivpost.com,20251218T030000Z,2025-12-18T03:00:00Z,2025-12-18,2025,2025-12,https://www.kyivpost.com/post/66459,kyivpost.com,Ukraine,385,17
ac3a876ff925,The Clock Is Ticking  – united kingdom Warns Abramovich to Release £2 . 5B for Ukraine,kyivpost.com,20251217T220000Z,2025-12-17T22:00:00Z,2025-12-17,2025,2025-12,https://www.kyivpost.com/post/66451,kyivpost.com,Ukraine,405,16
5381a3f639ab,Eastern Flank Countries Warn Russia Wants  Buffer Zone  from Arctic to Mediterranean,kyivpost.com,20251217T121500Z,2025-12-17T12:15:00Z,2025-12-17,2025,2025-12,https://www.kyivpost.com/post/66397,kyivpost.com,Ukraine,471,12
2af954f3ead1,Putin Signs Law Confiscating  Ownerles Homes in Occupied Ukraine,kyivpost.com,20251217T023000Z,2025-12-17T02:30:00Z,2025-12-17,2025,2025-12,https://www.kyivpost.com/post/66381,kyivpost.com,Ukraine,320,9
0b1400b94794,Kremlin Says Euro Involvement  Does Not Bode Well  for Peace Plan,kyivpost.com,20251217T023000Z,2025-12-17T02:30:00Z,2025-12-17,2025,2025-12,https://www.kyivpost.com/post/66380,kyivpost.com,Ukraine,407,11
91f496d4052b,Arbitrary Killing – UN Rights Chief Describes Dire Situation in Donbas and Beyond,kyivpost.com,20251217T014500Z,2025-12-17T01:45:00Z,2025-12-17,2025,2025-12,https://www.kyivpost.com/post/66378,kyivpost.com,Ukraine,426,13
7762f066280f,"Shmyhal Says Allies Pledged Record Sums For Defense Production , US Weapons in 2025",kyivpost.com,20251216T220000Z,2025-12-16T22:00:00Z,2025-12-16,2025,2025-12,https://www.kyivpost.com/post/66377,kyivpost.com,Ukraine,534,14
d9ddc954ebc7,Estonia Doubles Down on Massive Defense Outlays Amid Phantom  Russia Threat,sputnikglobe.com,20251208T161500Z,2025-12-08T16:15:00Z,2025-12-08,2025,2025-12,https://sputnikglobe.com/20251208/estonia-doubles-down-on-massive-defense-outlays-amid-phantom-russia-threat-1123258285.html,sputnikglobe.com,Russia,228,11
3b8a1962ed41,"Russia Attacked Odesa Region With Nearly 100 UAVs Overnight , Injuries , Infrastructure Damage Reported",kyivpost.com,20251222T103000Z,2025-12-22T10:30:00Z,2025-12-22,2025,2025-12,https://www.kyivpost.com/post/66714,kyivpost.com,Ukraine,289,15
ac466de0679d,A Crucial Moment in Our History  – Merz Calls for EU to Move On Reparations Loan Backed by Frozen Russian Assets,kyivpost.com,20251215T194500Z,2025-12-15T19:45:00Z,2025-12-15,2025,2025-12,https://www.kyivpost.com/post/66291,kyivpost.com,Ukraine,535,21
1a9741098637,EU Targets 9 New Players Behind Russia Shadow Fleet,kyivpost.com,20251215T173000Z,2025-12-15T17:30:00Z,2025-12-15,2025,2025-12,https://www.kyivpost.com/post/66283,kyivpost.com,Ukraine,268,9
d28b6aa528c4,"Quantum Systems , Frontline Robotics Launch Joint Drone Production in Germany",kyivpost.com,20251215T173000Z,2025-12-15T17:30:00Z,2025-12-15,2025,2025-12,https://www.kyivpost.com/post/66273,kyivpost.com,Ukraine,527,11
1376fa7dcfd0,"No Russian Facility Is Safe , SBU Source Says After Third Strike on Caspian Oil Platforms",kyivpost.com,20251215T173000Z,2025-12-15T17:30:00Z,2025-12-15,2025,2025-12,https://www.kyivpost.com/post/66276,kyivpost.com,Ukraine,323,16
a255789cd0bb,Ukraine Deploys New Mobile Surgery Units as Drone War Pushes Rear Lines Deeper,kyivpost.com,20251215T074500Z,2025-12-15T07:45:00Z,2025-12-15,2025,2025-12,https://www.kyivpost.com/post/65990,kyivpost.com,Ukraine,507,13
b8cd38c4ed76,"Belgorod Hit by Missile , Drones Strike Near Moscow as Russia Reports Over 140 UAVs Downed",kyivpost.com,20251215T074500Z,2025-12-15T07:45:00Z,2025-12-15,2025,2025-12,https://www.kyivpost.com/post/66219,kyivpost.com,Ukraine,561,16
611248631aec,UK MI6 New Head to Warn of  Aggressive  Russia Threat in First Speech,kyivpost.com,20251215T074500Z,2025-12-15T07:45:00Z,2025-12-15,2025,2025-12,https://www.kyivpost.com/post/66217,kyivpost.com,Ukraine,308,13
9d416bae6a38,Erdogan Warns Black Sea Should Not Be  Area of Confrontation  After Strikes,kyivpost.com,20251213T133000Z,2025-12-13T13:30:00Z,2025-12-13,2025,2025-12,https://www.kyivpost.com/post/66171,kyivpost.com,Ukraine,289,12
d49526238295,"Russia Must Shrink its Army for Any Peace to Hold , Says Top EU Diplomat",kyivpost.com,20251213T084500Z,2025-12-13T08:45:00Z,2025-12-13,2025,2025-12,https://www.kyivpost.com/post/66161,kyivpost.com,Ukraine,478,15
10213b8d2f2e,"Russian Strikes Hit Southern Ukraine , Knock Out Power in Odesa , Mykolaiv Regions",kyivpost.com,20251213T084500Z,2025-12-13T08:45:00Z,2025-12-13,2025,2025-12,https://www.kyivpost.com/post/66158,kyivpost.com,Ukraine,384,14
1e5672490bfc,Turkish Vessel Left Ablaze After Russian Strike on Ukrainian Ports,kyivpost.com,20251212T230000Z,2025-12-12T23:00:00Z,2025-12-12,2025,2025-12,https://www.kyivpost.com/post/66147,kyivpost.com,Ukraine,459,10
0d664022eb6e,"Starmer , De Wever Discuss Using Frozen Russian Assets to Fund Ukraine",kyivpost.com,20251212T230000Z,2025-12-12T23:00:00Z,2025-12-12,2025,2025-12,https://www.kyivpost.com/post/66143,kyivpost.com,Ukraine,520,12
53050fc5725e,Putin Aide Signals Possible Russian Troop Withdrawal From Donbas – National Guard to Remain,kyivpost.com,20251212T134500Z,2025-12-12T13:45:00Z,2025-12-12,2025,2025-12,https://www.kyivpost.com/post/66125,kyivpost.com,Ukraine,459,14
6e10505b81f6,It Like a Slaughterhouse : Intercept Reveals Russian Mother Shocked by Frontline Video,kyivpost.com,20251212T103000Z,2025-12-12T10:30:00Z,2025-12-12,2025,2025-12,https://www.kyivpost.com/post/66098,kyivpost.com,Ukraine,448,13
5ad9c980e219,Drone Strike Sets One of Central Russia Biggest Refineries on Fire,kyivpost.com,20251212T081500Z,2025-12-12T08:15:00Z,2025-12-12,2025,2025-12,https://www.kyivpost.com/post/66087,kyivpost.com,Ukraine,439,11
83036174fac7,Russian Oil Export Revenues Tank for Third Consecutive Month,kyivpost.com,20251212T000000Z,2025-12-12T00:00:00Z,2025-12-12,2025,2025-12,https://www.kyivpost.com/post/66073,kyivpost.com,Ukraine,285,9
7024fc5931d8,"1 Dead , 4 Injured in  Terrorist  Attack on Kyiv – Prosecutor Office",kyivpost.com,20251212T000000Z,2025-12-12T00:00:00Z,2025-12-12,2025,2025-12,https://www.kyivpost.com/post/66069,kyivpost.com,Ukraine,290,13
3d99be7e2a22,No Proof  of Mass Diversion of Ukraine Arms to Criminals,kyivpost.com,20251211T091500Z,2025-12-11T09:15:00Z,2025-12-11,2025,2025-12,https://www.kyivpost.com/post/66010,kyivpost.com,Ukraine,395,10
870b6c6940b7,Mass Drone Barrage Shuts Down Moscow Airports for Seven Hours as Nearly 300 UAVs Shot Down Across Russia,kyivpost.com,20251211T091500Z,2025-12-11T09:15:00Z,2025-12-11,2025,2025-12,https://www.kyivpost.com/post/66006,kyivpost.com,Ukraine,424,18
6d18676519cd,"Talks With US On Ukraine Postwar Economic Recovery  Productive , Zelensky Says",kyivpost.com,20251210T233000Z,2025-12-10T23:30:00Z,2025-12-10,2025,2025-12,https://www.kyivpost.com/post/65989,kyivpost.com,Ukraine,362,12
9ed1dcc56ab5,Zelensky Announces New US Talks as Kyiv Finalizes Key Documents,kyivpost.com,20251210T183000Z,2025-12-10T18:30:00Z,2025-12-10,2025,2025-12,https://www.kyivpost.com/post/65981,kyivpost.com,Ukraine,496,10
8958a3d24ede,UK Defense Ministry Names British Paratrooper Killed in Ukraine,kyivpost.com,20251210T183000Z,2025-12-10T18:30:00Z,2025-12-10,2025,2025-12,https://www.kyivpost.com/post/65988,kyivpost.com,Ukraine,288,9
119a45c9630e,Coalition of the Willing Leaders to Meet Zelensky After Call With Trump,kyivpost.com,20251210T183000Z,2025-12-10T18:30:00Z,2025-12-10,2025,2025-12,https://www.kyivpost.com/post/65987,kyivpost.com,Ukraine,344,12
e017ef0db3e8,"Putin - Trump Summit Corners Ukraine into Cutting Deal , Warns Off Europe From Meddling",sputnikglobe.com,20250816T130000Z,2025-08-16T13:00:00Z,2025-08-16,2025,2025-08,https://sputnikglobe.com/20250816/putin-trump-summit-corners-ukraine-into-cutting-deal-warns-off-europe-from-meddling--1122629354.html,sputnikglobe.com,Russia,449,15
d61fe365ec0d,Putin & Trump Rewrite the Rules of Great Power Politics in Alaska,sputnikglobe.com,20250816T114500Z,2025-08-16T11:45:00Z,2025-08-16,2025,2025-08,https://sputnikglobe.com/20250816/putin--trump-rewrite-the-rules-of-great-power-politics-in-alaska-1122628944.html,sputnikglobe.com,Russia,535,12
f1bd03b5c2b8,Putin & Trump Find Common Ground as West War Party Shut Out,sputnikglobe.com,20250816T073000Z,2025-08-16T07:30:00Z,2025-08-16,2025,2025-08,https://sputnikglobe.com/20250816/putin--trump-find-common-ground-as-wests-war-party-shut-out---analyst-1122627111.html,sputnikglobe.com,Russia,340,12
13d801eefb4e,Big Tech or Big Threat ? Google and Facebook Military Ties Exposed,sputnikglobe.com,20250812T073000Z,2025-08-12T07:30:00Z,2025-08-12,2025,2025-08,https://sputnikglobe.com/20250812/big-tech-or-big-threat-google-and-facebooks-military-ties-exposed--1122596702.html,sputnikglobe.com,Russia,539,12
dcc251bc07be,"Ukraine Parliament Approves Shmyhal as Deputy PM , Energy Minister",kyivpost.com,20260114T224500Z,2026-01-14T22:45:00Z,2026-01-14,2026,2026-01,https://www.kyivpost.com/post/68069,kyivpost.com,Ukraine,256,10
529b36c303c5,"Russia Drone Barrage Knocks Out Heat and Power for 45 , 000 in Kryvyi Rih",kyivpost.com,20260114T083000Z,2026-01-14T08:30:00Z,2026-01-14,2026,2026-01,https://www.kyivpost.com/post/68027,kyivpost.com,Ukraine,354,15
102f1229d773,Rockwool Says Russia Takes Over its 4 Factories,kyivpost.com,20260114T021500Z,2026-01-14T02:15:00Z,2026-01-14,2026,2026-01,https://www.kyivpost.com/post/68010,kyivpost.com,Ukraine,264,8
10f6ffbec185,"France , Spain Increase Russian LNG Imports as EU Ranks Among Top Buyers",kyivpost.com,20260113T211500Z,2026-01-13T21:15:00Z,2026-01-13,2026,2026-01,https://www.kyivpost.com/post/68003,kyivpost.com,Ukraine,478,13
ea2aca055c4d,Russia Presses Poland to Free Archaeologist Wanted by Ukraine Over  Illegal  Excavations,kyivpost.com,20260113T211500Z,2026-01-13T21:15:00Z,2026-01-13,2026,2026-01,https://www.kyivpost.com/post/68006,kyivpost.com,Ukraine,423,12
31402e35d26c,Ukraine Parliament Block Shmyhal as Energy Minister Amid Worsening Winter Energy Crisis,kyivpost.com,20260113T201500Z,2026-01-13T20:15:00Z,2026-01-13,2026,2026-01,https://www.kyivpost.com/post/68007,kyivpost.com,Ukraine,276,12
b30c87ccd03c,"Russian Strike Destroys Nova Poshta Innovation Terminal in Kharkiv , Kills 4 Workers",kyivpost.com,20260113T140000Z,2026-01-13T14:00:00Z,2026-01-13,2026,2026-01,https://www.kyivpost.com/post/67991,kyivpost.com,Ukraine,259,13
cee30e6438ed,"Ukraine Civilian Deaths in 2025 Highest Since 2022 , UN Says",kyivpost.com,20260113T120000Z,2026-01-13T12:00:00Z,2026-01-13,2026,2026-01,https://www.kyivpost.com/post/67961,kyivpost.com,Ukraine,311,11
08ac17888bf7,Fico Vowed  Not a Single Bullet to Ukraine  – But Slovakia is Selling More Arms Than Ever,kyivpost.com,20260113T120000Z,2026-01-13T12:00:00Z,2026-01-13,2026,2026-01,https://www.kyivpost.com/post/67970,kyivpost.com,Ukraine,351,17
1d78ba05908c,"Russia Claims Oreshnik Strike Disabled Lviv Aviation Repair Plant Servicing F - 16s , MiG - 29s",kyivpost.com,20260113T120000Z,2026-01-13T12:00:00Z,2026-01-13,2026,2026-01,https://www.kyivpost.com/post/67974,kyivpost.com,Ukraine,403,17
ee5d1c53eeb4,Trump on Ukraine Conflict : Next Few Days Are Crucial for Swift Resolution,sputnikglobe.com,20250424T200000Z,2025-04-24T20:00:00Z,2025-04-24,2025,2025-04,https://sputnikglobe.com/20250424/trump-on-ukraine-conflict-next-few-days-are-crucial-for-swift-resolution-1121928401.html,sputnikglobe.com,Russia,207,13
d27af2ef6081,Phantom Pain of Lost Empires : Starmer and Macron Risk Global Conflict Over Ukraine,sputnikglobe.com,20250329T120000Z,2025-03-29T12:00:00Z,2025-03-29,2025,2025-03,https://sputnikglobe.com/20250329/phantom-pain-of-lost-empires-starmer-and-macron-risk-global-conflict-over-ukraine-1121708669.html,sputnikglobe.com,Russia,187,14
5ee384b60b0c,German Supply of Taurus Missiles to Ukraine May Trigger World War III,sputnikglobe.com,20250529T064500Z,2025-05-29T06:45:00Z,2025-05-29,2025,2025-05,https://sputnikglobe.com/20250529/german-supply-of-taurus-missiles-to-ukraine-may-trigger-world-war-iii-1122151310.html,sputnikglobe.com,Russia,197,12
ed1c2b102d83,If They Strike With Taurus - Russia Next Target Will Be German Military Facility,sputnikglobe.com,20250528T130000Z,2025-05-28T13:00:00Z,2025-05-28,2025,2025-05,https://sputnikglobe.com/20250528/if-they-strike-with-taurus---russias-next-target-will-be-german-military-facility-1122146019.html,sputnikglobe.com,Russia,160,14
6365d96ae5d7,Russia Massive Strikes : Why Now ?,sputnikglobe.com,20250527T121500Z,2025-05-27T12:15:00Z,2025-05-27,2025,2025-05,https://sputnikglobe.com/20250527/russias-massive-strikes-why-now-1122137420.html,sputnikglobe.com,Russia,144,7
2ec3269286ab,North Korea leader meets families of soldiers killed in Russia war,bbc.co.uk,20250830T133000Z,2025-08-30T13:30:00Z,2025-08-30,2025,2025-08,https://www.bbc.co.uk/news/articles/cdj2v7n0101o,bbc.co.uk,,378,11
b5fdd02787bb,Trump hails  big day  as Starmer and EU leaders join Zelensky in Washington for Ukraine talks - follow live,bbc.co.uk,20250818T150000Z,2025-08-18T15:00:00Z,2025-08-18,2025,2025-08,https://www.bbc.co.uk/news/live/cev28rvzlv1t?post=asset%3Aafef6662-78a9-4f0e-a475-867d00ca16b9,bbc.co.uk,,125,19
3325191dcd4c,Zelensky says 10 killed as Russia aims to  humiliate diplomatic effort before White House talks - follow live,bbc.co.uk,20250818T131500Z,2025-08-18T13:15:00Z,2025-08-18,2025,2025-08,https://www.bbc.co.uk/news/live/cev28rvzlv1t?post=asset%3Aa20856fe-67e6-407f-a415-e2e9879bcb8e,bbc.co.uk,,150,18
c2308b82a320,Putin reaffirms friendship with North Korea ahead of Trump talks,bbc.co.uk,20250813T021500Z,2025-08-13T02:15:00Z,2025-08-13,2025,2025-08,https://www.bbc.co.uk/news/articles/ckge2kr85wzo,bbc.co.uk,,352,10
893a13c016e7,"Zelensky could still attend Trump - Putin meeting , but rest of Europe is shut out",bbc.co.uk,20250811T221500Z,2025-08-11T22:15:00Z,2025-08-11,2025,2025-08,https://www.bbc.co.uk/news/articles/cn5eedq7ldro,bbc.co.uk,,616,16
6fa3b84cc285,"British father killed by drone while fighting in Ukraine , wife says",bbc.co.uk,20250807T213000Z,2025-08-07T21:30:00Z,2025-08-07,2025,2025-08,https://www.bbc.co.uk/news/articles/c8x5gv4rq40o,bbc.co.uk,,466,12
b67f860590a2,Trump threatens India with  substantial  tariff hike for buying Russian oil,bbc.co.uk,20250805T010000Z,2025-08-05T01:00:00Z,2025-08-05,2025,2025-08,https://www.bbc.co.uk/news/articles/cly647wx9l3o,bbc.co.uk,,612,11
d309fbdf65ce,Ukraine : Zelensky demands sanctions after Russia strikes kill 33 in Kyiv,bbc.co.uk,20250801T144500Z,2025-08-01T14:45:00Z,2025-08-01,2025,2025-08,https://www.bbc.co.uk/news/articles/c5ypdxnz6k2o,bbc.co.uk,,356,12
8d4900ba6fb8,Five killed as Ukraine and Russia trade drone attacks,bbc.co.uk,20250726T141500Z,2025-07-26T14:15:00Z,2025-07-26,2025,2025-07,https://www.bbc.co.uk/news/articles/cvgv3ppl7m3o,bbc.co.uk,,423,9
7bc58be1cd1b,Concert by Putin ally Valery Gergiev cancelled in Italy,bbc.co.uk,20250721T191500Z,2025-07-21T19:15:00Z,2025-07-21,2025,2025-07,https://www.bbc.co.uk/news/articles/cdjxvz997lpo,bbc.co.uk,,342,9
52c44f3f4a5a,Moscow airports temporarily closed after Ukraine drone attacks,bbc.co.uk,20250720T191500Z,2025-07-20T19:15:00Z,2025-07-20,2025,2025-07,https://www.bbc.co.uk/news/articles/cpvjewnrde0o,bbc.co.uk,,572,8
66968a8e624a,UK sanctions Russian spies for  malicious cyber activity,bbc.co.uk,20250718T191500Z,2025-07-18T19:15:00Z,2025-07-18,2025,2025-07,https://www.bbc.co.uk/news/articles/cvg6v0xzv6lo,bbc.co.uk,,590,8
f398fa612849,"Russia agents killed after intelligence officer shot dead , says Ukraine",bbc.co.uk,20250713T134500Z,2025-07-13T13:45:00Z,2025-07-13,2025,2025-07,https://www.bbc.co.uk/news/articles/cj3r7p117l0o,bbc.co.uk,,395,11
3ae64200d74e,Australian captured while fighting for Ukraine charged as mercenary,bbc.co.uk,20250420T150000Z,2025-04-20T15:00:00Z,2025-04-20,2025,2025-04,https://www.bbc.co.uk/news/articles/c2098gle99jo,bbc.co.uk,,329,9
cadb0daeed50,Putin Easter truce : Cause for scepticism or chance for peace ?,bbc.co.uk,20250420T110000Z,2025-04-20T11:00:00Z,2025-04-20,2025,2025-04,https://www.bbc.co.uk/news/articles/cy70vj2eejzo,bbc.co.uk,,580,12
e241cf238d80,Ukraine war : US to hold talks in Paris with Europeans,bbc.co.uk,20250417T061500Z,2025-04-17T06:15:00Z,2025-04-17,2025,2025-04,https://www.bbc.co.uk/news/articles/c93g12g38n4o,bbc.co.uk,,537,11
ef891ab564b2,"The long , slow road to a Russia - Ukraine ceasefire",bbc.co.uk,20250326T011500Z,2025-03-26T01:15:00Z,2025-03-26,2025,2025-03,https://www.bbc.co.uk/news/articles/cqjdnpjgj75o,bbc.co.uk,,485,11
33188ed7c6b1,"Ukraine war latest : Russia and Ukraine agree to ceasefire in Black Sea , White House says",bbc.co.uk,20250325T183000Z,2025-03-25T18:30:00Z,2025-03-25,2025,2025-03,https://www.bbc.co.uk/news/live/c4g7w7521w0t?post=asset%3A8f51bd4d-c47e-483e-abe9-faea5ce40b43,bbc.co.uk,,249,17
65fc4317dd54,Rosenberg : Trump - Putin call seen as victory in Russia,bbc.co.uk,20250319T151500Z,2025-03-19T15:15:00Z,2025-03-19,2025,2025-03,https://www.bbc.co.uk/news/articles/cjevg23enggo,bbc.co.uk,,563,11
198dfc775842,Putin gives Trump just enough to claim progress on Ukraine peace,bbc.co.uk,20250319T053000Z,2025-03-19T05:30:00Z,2025-03-19,2025,2025-03,https://www.bbc.co.uk/news/articles/cwyg2kzkggvo,bbc.co.uk,,453,11
2f86f935d804,Ukraine Nato exclusion must be in peace deal - Russian official,bbc.co.uk,20250317T010000Z,2025-03-17T01:00:00Z,2025-03-17,2025,2025-03,https://www.bbc.co.uk/news/articles/cq6yj0m1yl7o,bbc.co.uk,,383,11
e6f095e75bbc,"Trump and Putin to hold call on ceasefire deal soon , US envoy says",bbc.co.uk,20250316T200000Z,2025-03-16T20:00:00Z,2025-03-16,2025,2025-03,https://www.bbc.co.uk/news/articles/cz6170w5jj5o,bbc.co.uk,,348,14
2e51ae48c85f,UK revokes accreditation for two Russian diplomatic officials,bbc.co.uk,20250313T000000Z,2025-03-13T00:00:00Z,2025-03-13,2025,2025-03,https://www.bbc.co.uk/news/articles/cyve577j8mqo,bbc.co.uk,,467,8
69ae12b3565c,US - Ukraine agreement shows a deal is never dead with Trump,bbc.co.uk,20250312T034500Z,2025-03-12T03:45:00Z,2025-03-12,2025,2025-03,https://www.bbc.co.uk/news/articles/cpde687nqjno,bbc.co.uk,,478,12
b654c39e88fd,"Two united kingdom diplomats expelled from Russia for spying , state media reports",bbc.co.uk,20250310T110000Z,2025-03-10T11:00:00Z,2025-03-10,2025,2025-03,https://www.bbc.co.uk/news/articles/c20l5dn39w2o,bbc.co.uk,,346,13
f6a8904ab576,Musk and Rubio spar with Polish minister over Ukraine use of Starlink,bbc.co.uk,20250309T231500Z,2025-03-09T23:15:00Z,2025-03-09,2025,2025-03,https://www.bbc.co.uk/news/articles/cy87vg38dnpo,bbc.co.uk,,499,12
bb625510e5b4,"Trump treatment of Zelensky  wrong , says Rishi Sunak",bbc.co.uk,20250304T183000Z,2025-03-04T18:30:00Z,2025-03-04,2025,2025-03,https://www.bbc.co.uk/news/articles/ce30701e1eqo,bbc.co.uk,,626,9
aa90602c85c3,US aid pause raises stakes for Starmer Ukraine strategy,bbc.co.uk,20250304T183000Z,2025-03-04T18:30:00Z,2025-03-04,2025,2025-03,https://www.bbc.co.uk/news/articles/cn89663nqw0o,bbc.co.uk,,641,9
7db4846dc097,Trump condemns Zelensky remarks that war end is  far away,bbc.co.uk,20250303T230000Z,2025-03-03T23:00:00Z,2025-03-03,2025,2025-03,https://www.bbc.co.uk/news/articles/cy0dkzrer18o,bbc.co.uk,,588,10
d16948c61cac,Bowen : Trump - Zelensky row signals major crisis looming for Nato,bbc.co.uk,20250301T020000Z,2025-03-01T02:00:00Z,2025-03-01,2025,2025-03,https://www.bbc.co.uk/news/articles/c2d4e395jxeo,bbc.co.uk,,328,12
93ac8d25e3e7,Trump says Russia  have the card in peace negotiations,bbc.co.uk,20250220T050000Z,2025-02-20T05:00:00Z,2025-02-20,2025,2025-02,https://www.bbc.co.uk/news/articles/cvgwddmjyvzo,bbc.co.uk,,442,9
83e12060c695,Ukraine says North Korean troops back on front line,bbc.co.uk,20250208T040000Z,2025-02-08T04:00:00Z,2025-02-08,2025,2025-02,https://www.bbc.co.uk/news/articles/cednp7q41l2o,bbc.co.uk,,493,9
d83fb93f3fa6,"Four dead in Russian strike on Kursk school , Ukraine says",bbc.co.uk,20250202T063000Z,2025-02-02T06:30:00Z,2025-02-02,2025,2025-02,https://www.bbc.co.uk/news/articles/c0e4r9x3e0eo,bbc.co.uk,,279,11
0e3d42482cd4,Ukraine says N Korea troops likely pulled from front line over heavy losses,bbc.co.uk,20250131T201500Z,2025-01-31T20:15:00Z,2025-01-31,2025,2025-01,https://www.bbc.co.uk/news/articles/cjder8zgk48o,bbc.co.uk,,386,13
